source_relative	source_sha256	source_kind	zh_cn
assets/data_spec/adv/game/chr/01TDA_710_オブジェクト/990_プレストーリーテロップ/TDA_１話プレストーリーテロップ_01 ＢＥＴＡ大戦.webp	FC4417DAA4886BDDF7A9B49AC633D74DC52B0C5E1A2B578F8B5B9A7324DE4ACD	native_japanese_image	BETA 大战
assets/data_spec/adv/game/chr/01TDA_710_オブジェクト/990_プレストーリーテロップ/TDA_１話プレストーリーテロップ_02 西暦1973.webp	2D5EFA788B39A0694684AE5D154E682737DDD231D686B0D5F7D46756653BF1B1	native_japanese_image	——始于1973年的BETA地球侵略势头不减|人类节节败退，被迫不断撤退
assets/data_spec/adv/game/chr/01TDA_710_オブジェクト/990_プレストーリーテロップ/TDA_１話プレストーリーテロップ_03 国土を追われた.webp	0076D8CE949A53EEC8123C69FABB0328AAB5C27023C46FAAC76F0E85F166302F	native_japanese_image	被逐出国土的列强将生产基地乃至整个国家迁往欧亚大陆之外
assets/data_spec/adv/game/chr/01TDA_710_オブジェクト/990_プレストーリーテロップ/TDA_１話プレストーリーテロップ_04 一度は国土を.webp	F3513D3D3FC10FC78A76B78B21EB2B66A2ACC607D1DA09113926AD548D3F97B0	native_japanese_image	一度夺回国土的日本帝国，也将生产基地迁至东南亚
assets/data_spec/adv/game/chr/01TDA_710_オブジェクト/990_プレストーリーテロップ/TDA_１話プレストーリーテロップ_05 それもままならぬ国.webp	1FA4DDC5707D572D9DA633F34CD623C0CE2533E4FB9ECF03041A4CD5249E8793	native_japanese_image	连这也无法做到的国家，其人民则在联合国旗下投身于绝望的战斗
assets/data_spec/adv/game/chr/01TDA_710_オブジェクト/990_プレストーリーテロップ/TDA_１話プレストーリーテロップ_06 そして西暦２００４.webp	77FC846A2F2159009BC9A96A4E30C35FF0CC97954C48B8B14C89B1EEBA415AE8	native_japanese_image	而后，2004年2月——
assets/data_spec/adv/game/chr/01TDA_710_オブジェクト/990_プレストーリーテロップ/TDA_１話プレストーリーテロップ_07 ３０年の長きに渡る.webp	5D55FEA41B8F3EDED08D0225D5112AF24B8042F6A459598EDCD1442A934E9A94	native_japanese_image	为了结束这场长达三十年的BETA战争|人类发动了一场力求起死回生的大规模反攻作战
assets/data_spec/adv/game/chr/01TDA_710_オブジェクト/990_プレストーリーテロップ/TDA_１話プレストーリーテロップ_08 ――その名を『バビロン作戦』.webp	7AE87528E21553D2417C5970201E7AADEE88C52F52BE61302FFFC471E3FAF77D	native_japanese_image	——其名为「巴比伦作战」
assets/data_spec/adv/game/chr/01TDA_710_オブジェクト/990_プレストーリーテロップ/TDA_１話プレストーリーテロップ_09 選ばれし十数万人.webp	9CBAC86DA102FA193DDCABBD04E08F59EA4CEA669D5DE2FD6C21DBB73F7EA565	native_japanese_image	搭载十数万名被选中者的移民船团启程前往巴纳德星系|与此同时，五次元效应炸弹——通称G弹——的集中使用|一扫地球上所有巢穴的地表构造物|人类的胜利似乎已近在眼前
assets/data_spec/adv/game/chr/01TDA_710_オブジェクト/990_プレストーリーテロップ/TDA_１話プレストーリーテロップ_10 だが、Ｇ弾の一斉起爆.webp	82C70B3B8330CEA140F834653C13AC485C5DE79C045607DBAD9EC5439D058167	native_japanese_image	然而，疑因G弹同时引爆而产生的大规模重力异常|使「巴比伦作战」改名为「巴比伦灾害」
assets/data_spec/adv/game/chr/01TDA_710_オブジェクト/990_プレストーリーテロップ/TDA_１話プレストーリーテロップ_11 重力異常によって.webp	576B4EFB38182D7942594339465587458A1D8D23C674A49757A3F4581B87BA74	native_japanese_image	因重力异常而偏移的海水化为巨大海啸，吞没了欧亚大陆
assets/data_spec/adv/game/chr/01TDA_710_オブジェクト/990_プレストーリーテロップ/TDA_１話プレストーリーテロップ_12 安全だった筈の他.webp	7A2661C019D9C5D3923B0F7A39B21DFB59EDC727DAFB405F6CE8587BE107FA52	native_japanese_image	本应安全的其他大陆也遭遇大气压骤降，化为死亡世界
assets/data_spec/adv/game/chr/01TDA_710_オブジェクト/990_プレストーリーテロップ/TDA_１話プレストーリーテロップ_13 かつて海底だった大地.webp	0DA0109BA6D879CA6ABE46A3A44166A9F9EFC7C138180D86F3DEF2D20B9E0873	native_japanese_image	昔日海底露出地表后，大量盐分随风深入内陆|从那些侥幸逃过BETA侵略与巴比伦灾害的少数土地上|无情地夺走了绿色
assets/data_spec/adv/game/chr/01TDA_710_オブジェクト/990_プレストーリーテロップ/TDA_１話プレストーリーテロップ_14 バビロン作戦に展開.webp	1CD71C737A15F20E112158E675C95C9AE4AAA8DCBAFE804F736F40691506E1B1	native_japanese_image	以参加巴比伦作战的各国部队为中心，少数逃出欧亚大陆的幸存者|踏上了面目全非的地球，寻找新的定居之地
assets/data_spec/adv/game/chr/01TDA_710_オブジェクト/990_プレストーリーテロップ/TDA_１話プレストーリーテロップ_15 だが.webp	E91046C2A5BC710EE3F9D2123369A622D9146AE7E838A1C252B80A539C378F3B	native_japanese_image	然而
assets/data_spec/adv/game/chr/01TDA_710_オブジェクト/990_プレストーリーテロップ/TDA_１話プレストーリーテロップ_16 人類の前に再び.webp	4A06249240C2ADBBF5A2C51F2DAD99F2A7B26C35D540DBC96AC1B8556F61CEC0	native_japanese_image	BETA再次出现在人类面前
assets/data_spec/adv/game/chr/01TDA_710_オブジェクト/990_プレストーリーテロップ/TDA_１話プレストーリーテロップ_17 必ずや緑の地球を.webp	85BC8B0896EA6D372F0A58162F488DADD6842D92242420F6259C661245CF2197	native_japanese_image	一定要让绿色的地球复苏
assets/data_spec/adv/game/chr/01TDA_710_オブジェクト/990_プレストーリーテロップ/TDA_１話プレストーリーテロップ_18 ――宇宙に発った者達.webp	B0E8952E62EF36BB11D5FDE1F0CB4CE12407222DC3499A55F905FFD2AD242198	native_japanese_image	——曾向奔赴宇宙的人们如此起誓的幸存者，陷入了更加严酷的处境
